"","InvoiceID","PayerAccountId","LinkedAccountId"
"1","136209072",340802881203,NA
"2","136209072",340802881203,NA
"3","136209072",340802881203,NA
"4","136209072",340802881203,NA
"5","136209072",340802881203,NA
"6","136209072",340802881203,NA
"7","136209072",340802881203,NA
"8","136209072",340802881203,NA
"9","136209072",340802881203,NA
"10","136209072",340802881203,NA
"11","136209072",340802881203,NA
"12","136209072",340802881203,NA
"13","136209072",340802881203,NA
"14","136209072",340802881203,NA
"15","136209072",340802881203,NA
"16","136209072",340802881203,NA
"17","136209072",340802881203,NA
"18","136209072",340802881203,NA
"19","136209072",340802881203,NA
"20","136209072",340802881203,NA
"21","136209072",340802881203,NA
"22","136209072",340802881203,NA
"23","136209072",340802881203,NA
"24","136209072",340802881203,NA
"25","136209072",340802881203,NA
"26","136209072",340802881203,NA
"27","136209072",340802881203,NA
"28","136209072",340802881203,NA
"29","136209072",340802881203,NA
"30","136209072",340802881203,NA
"31","136209072",340802881203,NA
"32","136209072",340802881203,NA
"33","136209072",340802881203,NA
"34","136209072",340802881203,NA
"35","136209072",340802881203,NA
"36","136209072",340802881203,NA
"37","136209072",340802881203,NA
"38","136209072",340802881203,NA
"39","136209072",340802881203,NA
"40","136209072",340802881203,NA
"41","136209072",340802881203,NA
"42","136209072",340802881203,NA
"43","136209072",340802881203,NA
"44","136209072",340802881203,NA
"45","136209072",340802881203,NA
"46","136209072",340802881203,NA
"47","136209072",340802881203,NA
"48","136209072",340802881203,NA
"49","136209072",340802881203,NA
"50","136209072",340802881203,NA
"51","136209072",340802881203,NA
"52","136209072",340802881203,NA
"53","136209072",340802881203,NA
"54","136209072",340802881203,NA
"55","136209072",340802881203,NA
"56","136209072",340802881203,NA
"57","136209072",340802881203,NA
"58","136209072",340802881203,NA
"59","136209072",340802881203,NA
"60","136209072",340802881203,NA
"61","136209072",340802881203,NA
"62","136209072",340802881203,NA
"63","136209072",340802881203,NA
"64","136209072",340802881203,NA
"65","136209072",340802881203,NA
"66","136209072",340802881203,NA
"67","136209072",340802881203,NA
"68","136209072",340802881203,NA
"69","136209072",340802881203,NA
"70","136209072",340802881203,NA
"71","136209072",340802881203,NA
"72","136209072",340802881203,NA
"73","136209072",340802881203,NA
"74","136209072",340802881203,NA
"75","136209072",340802881203,NA
"76","136209072",340802881203,NA
"77","136209072",340802881203,NA
"78","136209072",340802881203,NA
"79","136209072",340802881203,NA
"80","136209072",340802881203,875522841635
"81","136209072",340802881203,875522841635
"82","136209072",340802881203,875522841635
"83","136209072",340802881203,875522841635
"84","136209072",340802881203,875522841635
"85","136209072",340802881203,875522841635
"86","136209072",340802881203,875522841635
"87","136209072",340802881203,875522841635
"88","136209072",340802881203,875522841635
"89","136209072",340802881203,875522841635
"90","136209072",340802881203,875522841635
"91","136209072",340802881203,1180416563
"92","136209072",340802881203,1180416563
"93","136209072",340802881203,1180416563
"94","136209072",340802881203,1180416563
"95","136209072",340802881203,1180416563
"96","136209072",340802881203,1180416563
"97","136209072",340802881203,1180416563
"98","136209072",340802881203,1180416563
"99","136209072",340802881203,1180416563
"100","136209072",340802881203,1180416563
"101","136209072",340802881203,1180416563
"102","136209072",340802881203,1180416563
"103","136209072",340802881203,1180416563
"104","136209072",340802881203,1180416563
"105","136209072",340802881203,1180416563
"106","136209072",340802881203,1180416563
"107","136209072",340802881203,1180416563
"108","136209072",340802881203,1180416563
"109","136209072",340802881203,1180416563
"110","136209072",340802881203,1180416563
"111","136209072",340802881203,1180416563
"112","136209072",340802881203,1180416563
"113","136209072",340802881203,1180416563
"114","136209072",340802881203,1180416563
"115","136209072",340802881203,1180416563
"116","136209072",340802881203,1180416563
"117","136209072",340802881203,1180416563
"118","136209072",340802881203,1180416563
"119","136209072",340802881203,1180416563
"120","136209072",340802881203,1180416563
"121","136209072",340802881203,1180416563
"122","136209072",340802881203,1180416563
"123","136209072",340802881203,1180416563
"124","136209072",340802881203,1180416563
"125","136209072",340802881203,1180416563
"126","136209072",340802881203,1180416563
"127","136209072",340802881203,1180416563
"128","136209072",340802881203,1180416563
"129","136209072",340802881203,1180416563
"130","136209072",340802881203,1180416563
"131","136209072",340802881203,1180416563
"132","136209072",340802881203,1180416563
"133","136209072",340802881203,1180416563
"134","136209072",340802881203,1180416563
"135","136209072",340802881203,1180416563
"136","136209072",340802881203,1180416563
"137","136209072",340802881203,1180416563
"138","136209072",340802881203,1180416563
"139","136209072",340802881203,1180416563
"140","136209072",340802881203,1180416563
"141","136209072",340802881203,1180416563
"142","136209072",340802881203,1180416563
"143","136209072",340802881203,1180416563
"144","136209072",340802881203,1180416563
"145","136209072",340802881203,1180416563
"146","136209072",340802881203,1180416563
"147","136209072",340802881203,1180416563
"148","136209072",340802881203,1180416563
"149","136209072",340802881203,1180416563
"150","136209072",340802881203,1180416563
"151","136209072",340802881203,1180416563
"152","136209072",340802881203,1180416563
"153","136209072",340802881203,1180416563
"154","136209072",340802881203,1180416563
"155","136209072",340802881203,1180416563
"156","136209072",340802881203,1180416563
"157","136209072",340802881203,1180416563
"158","136209072",340802881203,1180416563
"159","136209072",340802881203,1180416563
"160","136209072",340802881203,1180416563
"161","136209072",340802881203,1180416563
"162","136209072",340802881203,1180416563
"163","136209072",340802881203,1180416563
"164","136209072",340802881203,1180416563
"165","136209072",340802881203,340802881203
"166","136209072",340802881203,340802881203
"167","136209072",340802881203,340802881203
"168","136209072",340802881203,340802881203
"169","136209072",340802881203,340802881203
"170","136209072",340802881203,340802881203
"171","136209072",340802881203,340802881203
"172","136209072",340802881203,340802881203
"173","136209072",340802881203,49726679370
"174","136209072",340802881203,49726679370
"175","136209072",340802881203,49726679370
"176","136209072",340802881203,49726679370
"177","136209072",340802881203,49726679370
"178","136209072",340802881203,49726679370
"179","136209072",340802881203,49726679370
"180","136209072",340802881203,49726679370
"181","136209072",340802881203,49726679370
"182","136209072",340802881203,49726679370
"183","136209072",340802881203,49726679370
"184","136209072",340802881203,49726679370
"185","136209072",340802881203,49726679370
"186","136209072",340802881203,49726679370
"187","136209072",340802881203,49726679370
"188","136209072",340802881203,49726679370
"189","136209072",340802881203,49726679370
"190","136209072",340802881203,49726679370
"191","136209072",340802881203,49726679370
"192","136209072",340802881203,49726679370
"193","136209072",340802881203,49726679370
"194","136209072",340802881203,49726679370
"195","136209072",340802881203,49726679370
"196","136209072",340802881203,49726679370
"197","136209072",340802881203,49726679370
"198","136209072",340802881203,49726679370
"199","136209072",340802881203,49726679370
"200","136209072",340802881203,49726679370
"201","136209072",340802881203,49726679370
"202","136209072",340802881203,49726679370
"203","136209072",340802881203,49726679370
"204","136209072",340802881203,49726679370
"205","136209072",340802881203,49726679370
"206","136209072",340802881203,49726679370
"207","136209072",340802881203,49726679370
"208","136209072",340802881203,49726679370
"209","136209072",340802881203,49726679370
"210","136209072",340802881203,49726679370
"211","136209072",340802881203,49726679370
"212","136209072",340802881203,49726679370
"213","136209072",340802881203,49726679370
"214","136209072",340802881203,49726679370
"215","136209072",340802881203,49726679370
"216","136209072",340802881203,49726679370
"217","136209072",340802881203,49726679370
"218","136209072",340802881203,49726679370
"219","136209072",340802881203,49726679370
"220","136209072",340802881203,49726679370
"221","136209072",340802881203,49726679370
"222","136209072",340802881203,49726679370
"223","136209072",340802881203,49726679370
"224","136209072",340802881203,49726679370
"225","136209072",340802881203,49726679370
"226","136209072",340802881203,49726679370
"227","136209072",340802881203,49726679370
"228","136209072",340802881203,49726679370
"229","136209072",340802881203,49726679370
"230","136209072",340802881203,49726679370
"231","136209072",340802881203,49726679370
"232","136209072",340802881203,49726679370
"233","136209072",340802881203,49726679370
"234","136209072",340802881203,49726679370
"235","136209072",340802881203,49726679370
"236","136209072",340802881203,49726679370
"237","136209072",340802881203,49726679370
"238","136209072",340802881203,NA
"239","136209072",340802881203,NA
"240",NA,340802881203,875522841635
"241",NA,340802881203,1180416563
"242",NA,340802881203,340802881203
"243",NA,340802881203,49726679370
"244",NA,340802881203,NA
"245","140576132",340802881203,NA
"246","140576132",340802881203,NA
"247","140576132",340802881203,NA
"248","140576132",340802881203,NA
"249","140576132",340802881203,NA
"250","140576132",340802881203,NA
"251","140576132",340802881203,NA
"252","140576132",340802881203,NA
"253","140576132",340802881203,NA
"254","140576132",340802881203,NA
"255","140576132",340802881203,NA
"256","140576132",340802881203,NA
"257","140576132",340802881203,NA
"258","140576132",340802881203,NA
"259","140576132",340802881203,NA
"260","140576132",340802881203,NA
"261","140576132",340802881203,NA
"262","140576132",340802881203,NA
"263","140576132",340802881203,NA
"264","140576132",340802881203,NA
"265","140576132",340802881203,NA
"266","140576132",340802881203,NA
"267","140576132",340802881203,NA
"268","140576132",340802881203,NA
"269","140576132",340802881203,NA
"270","140576132",340802881203,NA
"271","140576132",340802881203,NA
"272","140576132",340802881203,NA
"273","140576132",340802881203,NA
"274","140576132",340802881203,NA
"275","140576132",340802881203,NA
"276","140576132",340802881203,NA
"277","140576132",340802881203,NA
"278","140576132",340802881203,NA
"279","140576132",340802881203,NA
"280","140576132",340802881203,NA
"281","140576132",340802881203,NA
"282","140576132",340802881203,NA
"283","140576132",340802881203,NA
"284","140576132",340802881203,NA
"285","140576132",340802881203,NA
"286","140576132",340802881203,NA
"287","140576132",340802881203,NA
"288","140576132",340802881203,NA
"289","140576132",340802881203,NA
"290","140576132",340802881203,NA
"291","140576132",340802881203,NA
"292","140576132",340802881203,NA
"293","140576132",340802881203,NA
"294","140576132",340802881203,NA
"295","140576132",340802881203,NA
"296","140576132",340802881203,NA
"297","140576132",340802881203,NA
"298","140576132",340802881203,NA
"299","140576132",340802881203,NA
"300","140576132",340802881203,NA
"301","140576132",340802881203,NA
"302","140576132",340802881203,NA
"303","140576132",340802881203,NA
"304","140576132",340802881203,NA
"305","140576132",340802881203,NA
"306","140576132",340802881203,NA
"307","140576132",340802881203,NA
"308","140576132",340802881203,NA
"309","140576132",340802881203,NA
"310","140576132",340802881203,NA
"311","140576132",340802881203,NA
"312","140576132",340802881203,NA
"313","140576132",340802881203,NA
"314","140576132",340802881203,NA
"315","140576132",340802881203,NA
"316","140576132",340802881203,NA
"317","140576132",340802881203,NA
"318","140576132",340802881203,NA
"319","140576132",340802881203,NA
"320","140576132",340802881203,NA
"321","140576132",340802881203,NA
"322","140576132",340802881203,NA
"323","140576132",340802881203,NA
"324","140576132",340802881203,NA
"325","140576132",340802881203,NA
"326","140576132",340802881203,NA
"327","140576132",340802881203,NA
"328","140576132",340802881203,NA
"329","140576132",340802881203,NA
"330","140576132",340802881203,875522841635
"331","140576132",340802881203,875522841635
"332","140576132",340802881203,875522841635
"333","140576132",340802881203,875522841635
"334","140576132",340802881203,875522841635
"335","140576132",340802881203,875522841635
"336","140576132",340802881203,875522841635
"337","140576132",340802881203,875522841635
"338","140576132",340802881203,875522841635
"339","140576132",340802881203,875522841635
"340","140576132",340802881203,875522841635
"341","140576132",340802881203,875522841635
"342","140576132",340802881203,875522841635
"343","140576132",340802881203,875522841635
"344","140576132",340802881203,875522841635
"345","140576132",340802881203,875522841635
"346","140576132",340802881203,875522841635
"347","140576132",340802881203,875522841635
"348","140576132",340802881203,875522841635
"349","140576132",340802881203,875522841635
"350","140576132",340802881203,875522841635
"351","140576132",340802881203,875522841635
"352","140576132",340802881203,875522841635
"353","140576132",340802881203,875522841635
"354","140576132",340802881203,875522841635
"355","140576132",340802881203,875522841635
"356","140576132",340802881203,875522841635
"357","140576132",340802881203,875522841635
"358","140576132",340802881203,875522841635
"359","140576132",340802881203,875522841635
"360","140576132",340802881203,875522841635
"361","140576132",340802881203,875522841635
"362","140576132",340802881203,875522841635
"363","140576132",340802881203,875522841635
"364","140576132",340802881203,875522841635
"365","140576132",340802881203,875522841635
"366","140576132",340802881203,875522841635
"367","140576132",340802881203,875522841635
"368","140576132",340802881203,875522841635
"369","140576132",340802881203,875522841635
"370","140576132",340802881203,875522841635
"371","140576132",340802881203,875522841635
"372","140576132",340802881203,875522841635
"373","140576132",340802881203,875522841635
"374","140576132",340802881203,1180416563
"375","140576132",340802881203,1180416563
"376","140576132",340802881203,1180416563
"377","140576132",340802881203,1180416563
"378","140576132",340802881203,1180416563
"379","140576132",340802881203,1180416563
"380","140576132",340802881203,1180416563
"381","140576132",340802881203,1180416563
"382","140576132",340802881203,1180416563
"383","140576132",340802881203,1180416563
"384","140576132",340802881203,1180416563
"385","140576132",340802881203,1180416563
"386","140576132",340802881203,1180416563
"387","140576132",340802881203,1180416563
"388","140576132",340802881203,1180416563
"389","140576132",340802881203,1180416563
"390","140576132",340802881203,1180416563
"391","140576132",340802881203,1180416563
"392","140576132",340802881203,1180416563
"393","140576132",340802881203,1180416563
"394","140576132",340802881203,1180416563
"395","140576132",340802881203,1180416563
"396","140576132",340802881203,1180416563
"397","140576132",340802881203,1180416563
"398","140576132",340802881203,1180416563
"399","140576132",340802881203,1180416563
"400","140576132",340802881203,1180416563
"401","140576132",340802881203,1180416563
"402","140576132",340802881203,1180416563
"403","140576132",340802881203,1180416563
"404","140576132",340802881203,1180416563
"405","140576132",340802881203,1180416563
"406","140576132",340802881203,1180416563
"407","140576132",340802881203,1180416563
"408","140576132",340802881203,1180416563
"409","140576132",340802881203,1180416563
"410","140576132",340802881203,1180416563
"411","140576132",340802881203,1180416563
"412","140576132",340802881203,1180416563
"413","140576132",340802881203,1180416563
"414","140576132",340802881203,1180416563
"415","140576132",340802881203,1180416563
"416","140576132",340802881203,1180416563
"417","140576132",340802881203,1180416563
"418","140576132",340802881203,1180416563
"419","140576132",340802881203,1180416563
"420","140576132",340802881203,1180416563
"421","140576132",340802881203,1180416563
"422","140576132",340802881203,1180416563
"423","140576132",340802881203,1180416563
"424","140576132",340802881203,1180416563
"425","140576132",340802881203,1180416563
"426","140576132",340802881203,1180416563
"427","140576132",340802881203,1180416563
"428","140576132",340802881203,1180416563
"429","140576132",340802881203,1180416563
"430","140576132",340802881203,1180416563
"431","140576132",340802881203,1180416563
"432","140576132",340802881203,1180416563
"433","140576132",340802881203,1180416563
"434","140576132",340802881203,1180416563
"435","140576132",340802881203,1180416563
"436","140576132",340802881203,1180416563
"437","140576132",340802881203,1180416563
"438","140576132",340802881203,1180416563
"439","140576132",340802881203,1180416563
"440","140576132",340802881203,1180416563
"441","140576132",340802881203,1180416563
"442","140576132",340802881203,1180416563
"443","140576132",340802881203,1180416563
"444","140576132",340802881203,1180416563
"445","140576132",340802881203,1180416563
"446","140576132",340802881203,1180416563
"447","140576132",340802881203,1180416563
"448","140576132",340802881203,1180416563
"449","140576132",340802881203,1180416563
"450","140576132",340802881203,340802881203
"451","140576132",340802881203,340802881203
"452","140576132",340802881203,340802881203
"453","140576132",340802881203,340802881203
"454","140576132",340802881203,340802881203
"455","140576132",340802881203,340802881203
"456","140576132",340802881203,340802881203
"457","140576132",340802881203,340802881203
"458","140576132",340802881203,340802881203
"459","140576132",340802881203,49726679370
"460","140576132",340802881203,49726679370
"461","140576132",340802881203,49726679370
"462","140576132",340802881203,49726679370
"463","140576132",340802881203,49726679370
"464","140576132",340802881203,49726679370
"465","140576132",340802881203,49726679370
"466","140576132",340802881203,49726679370
"467","140576132",340802881203,49726679370
"468","140576132",340802881203,49726679370
"469","140576132",340802881203,49726679370
"470","140576132",340802881203,49726679370
"471","140576132",340802881203,49726679370
"472","140576132",340802881203,49726679370
"473","140576132",340802881203,49726679370
"474","140576132",340802881203,49726679370
"475","140576132",340802881203,49726679370
"476","140576132",340802881203,49726679370
"477","140576132",340802881203,49726679370
"478","140576132",340802881203,49726679370
"479","140576132",340802881203,49726679370
"480","140576132",340802881203,49726679370
"481","140576132",340802881203,49726679370
"482","140576132",340802881203,49726679370
"483","140576132",340802881203,49726679370
"484","140576132",340802881203,49726679370
"485","140576132",340802881203,49726679370
"486","140576132",340802881203,49726679370
"487","140576132",340802881203,49726679370
"488","140576132",340802881203,49726679370
"489","140576132",340802881203,49726679370
"490","140576132",340802881203,49726679370
"491","140576132",340802881203,49726679370
"492","140576132",340802881203,49726679370
"493","140576132",340802881203,49726679370
"494","140576132",340802881203,49726679370
"495","140576132",340802881203,49726679370
"496","140576132",340802881203,49726679370
"497","140576132",340802881203,49726679370
"498","140576132",340802881203,49726679370
"499","140576132",340802881203,49726679370
"500","140576132",340802881203,49726679370
"501","140576132",340802881203,49726679370
"502","140576132",340802881203,49726679370
"503","140576132",340802881203,49726679370
"504","140576132",340802881203,49726679370
"505","140576132",340802881203,49726679370
"506","140576132",340802881203,49726679370
"507","140576132",340802881203,49726679370
"508","140576132",340802881203,49726679370
"509","140576132",340802881203,49726679370
"510","140576132",340802881203,49726679370
"511","140576132",340802881203,49726679370
"512","140576132",340802881203,49726679370
"513","140576132",340802881203,49726679370
"514","140576132",340802881203,49726679370
"515","140576132",340802881203,49726679370
"516","140576132",340802881203,49726679370
"517","140576132",340802881203,49726679370
"518","140576132",340802881203,49726679370
"519","140576132",340802881203,49726679370
"520","140576132",340802881203,49726679370
"521","140576132",340802881203,49726679370
"522","140576132",340802881203,49726679370
"523","140576132",340802881203,49726679370
"524","140576132",340802881203,49726679370
"525","140576132",340802881203,NA
"526",NA,340802881203,875522841635
"527",NA,340802881203,1180416563
"528",NA,340802881203,340802881203
"529",NA,340802881203,49726679370
"530",NA,340802881203,NA
"531","145723814",340802881203,NA
"532","145723814",340802881203,NA
"533","145723814",340802881203,NA
"534","145723814",340802881203,NA
"535","145723814",340802881203,NA
"536","145723814",340802881203,NA
"537","145723814",340802881203,NA
"538","145723814",340802881203,NA
"539","145723814",340802881203,NA
"540","145723814",340802881203,NA
"541","145723814",340802881203,NA
"542","145723814",340802881203,NA
"543","145723814",340802881203,NA
"544","145723814",340802881203,NA
"545","145723814",340802881203,NA
"546","145723814",340802881203,NA
"547","145723814",340802881203,NA
"548","145723814",340802881203,NA
"549","145723814",340802881203,NA
"550","145723814",340802881203,NA
"551","145723814",340802881203,NA
"552","145723814",340802881203,NA
"553","145723814",340802881203,NA
"554","145723814",340802881203,NA
"555","145723814",340802881203,NA
"556","145723814",340802881203,NA
"557","145723814",340802881203,NA
"558","145723814",340802881203,NA
"559","145723814",340802881203,NA
"560","145723814",340802881203,NA
"561","145723814",340802881203,NA
"562","145723814",340802881203,NA
"563","145723814",340802881203,NA
"564","145723814",340802881203,NA
"565","145723814",340802881203,NA
"566","145723814",340802881203,NA
"567","145723814",340802881203,NA
"568","145723814",340802881203,NA
"569","145723814",340802881203,NA
"570","145723814",340802881203,NA
"571","145723814",340802881203,NA
"572","145723814",340802881203,NA
"573","145723814",340802881203,NA
"574","145723814",340802881203,NA
"575","145723814",340802881203,NA
"576","145723814",340802881203,NA
"577","145723814",340802881203,NA
"578","145723814",340802881203,NA
"579","145723814",340802881203,NA
"580","145723814",340802881203,NA
"581","145723814",340802881203,NA
"582","145723814",340802881203,NA
"583","145723814",340802881203,NA
"584","145723814",340802881203,NA
"585","145723814",340802881203,NA
"586","145723814",340802881203,NA
"587","145723814",340802881203,NA
"588","145723814",340802881203,NA
"589","145723814",340802881203,NA
"590","145723814",340802881203,NA
"591","145723814",340802881203,NA
"592","145723814",340802881203,NA
"593","145723814",340802881203,NA
"594","145723814",340802881203,NA
"595","145723814",340802881203,NA
"596","145723814",340802881203,NA
"597","145723814",340802881203,NA
"598","145723814",340802881203,NA
"599","145723814",340802881203,NA
"600","145723814",340802881203,NA
"601","145723814",340802881203,NA
"602","145723814",340802881203,NA
"603","145723814",340802881203,NA
"604","145723814",340802881203,NA
"605","145723814",340802881203,NA
"606","145723814",340802881203,NA
"607","145723814",340802881203,NA
"608","145723814",340802881203,NA
"609","145723814",340802881203,NA
"610","145723814",340802881203,NA
"611","145723814",340802881203,NA
"612","145723814",340802881203,NA
"613","145723814",340802881203,NA
"614","145723814",340802881203,NA
"615","145723814",340802881203,NA
"616","145723814",340802881203,NA
"617","145723814",340802881203,NA
"618","145723814",340802881203,NA
"619","145723814",340802881203,NA
"620","145723814",340802881203,NA
"621","145723814",340802881203,NA
"622","145723814",340802881203,NA
"623","145723814",340802881203,NA
"624","145723814",340802881203,NA
"625","145723814",340802881203,NA
"626","145723814",340802881203,NA
"627","145723814",340802881203,NA
"628","145723814",340802881203,NA
"629","145723814",340802881203,NA
"630","145723814",340802881203,NA
"631","145723814",340802881203,NA
"632","145723814",340802881203,NA
"633","145723814",340802881203,NA
"634","145723814",340802881203,NA
"635","145723814",340802881203,NA
"636","145723814",340802881203,NA
"637","145723814",340802881203,NA
"638","145723814",340802881203,NA
"639","145723814",340802881203,NA
"640","145723814",340802881203,NA
"641","145723814",340802881203,NA
"642","145723814",340802881203,NA
"643","145723814",340802881203,NA
"644","145723814",340802881203,NA
"645","145723814",340802881203,NA
"646","145723814",340802881203,NA
"647","145723814",340802881203,NA
"648","145723814",340802881203,NA
"649","145723814",340802881203,NA
"650","145723814",340802881203,NA
"651","145723814",340802881203,NA
"652","145723814",340802881203,NA
"653","145723814",340802881203,NA
"654","145723814",340802881203,NA
"655","145723814",340802881203,NA
"656","145723814",340802881203,NA
"657","145723814",340802881203,NA
"658","145723814",340802881203,NA
"659","145723814",340802881203,NA
"660","145723814",340802881203,NA
"661","145723814",340802881203,NA
"662","145723814",340802881203,NA
"663","145723814",340802881203,NA
"664","145723814",340802881203,NA
"665","145723814",340802881203,NA
"666","145723814",340802881203,NA
"667","145723814",340802881203,NA
"668","145723814",340802881203,NA
"669","145723814",340802881203,NA
"670","145723814",340802881203,NA
"671","145723814",340802881203,875522841635
"672","145723814",340802881203,875522841635
"673","145723814",340802881203,875522841635
"674","145723814",340802881203,875522841635
"675","145723814",340802881203,875522841635
"676","145723814",340802881203,875522841635
"677","145723814",340802881203,875522841635
"678","145723814",340802881203,875522841635
"679","145723814",340802881203,875522841635
"680","145723814",340802881203,875522841635
"681","145723814",340802881203,875522841635
"682","145723814",340802881203,875522841635
"683","145723814",340802881203,875522841635
"684","145723814",340802881203,875522841635
"685","145723814",340802881203,875522841635
"686","145723814",340802881203,875522841635
"687","145723814",340802881203,875522841635
"688","145723814",340802881203,875522841635
"689","145723814",340802881203,875522841635
"690","145723814",340802881203,875522841635
"691","145723814",340802881203,875522841635
"692","145723814",340802881203,875522841635
"693","145723814",340802881203,875522841635
"694","145723814",340802881203,875522841635
"695","145723814",340802881203,875522841635
"696","145723814",340802881203,875522841635
"697","145723814",340802881203,875522841635
"698","145723814",340802881203,875522841635
"699","145723814",340802881203,875522841635
"700","145723814",340802881203,875522841635
"701","145723814",340802881203,875522841635
"702","145723814",340802881203,875522841635
"703","145723814",340802881203,875522841635
"704","145723814",340802881203,875522841635
"705","145723814",340802881203,875522841635
"706","145723814",340802881203,875522841635
"707","145723814",340802881203,875522841635
"708","145723814",340802881203,875522841635
"709","145723814",340802881203,875522841635
"710","145723814",340802881203,875522841635
"711","145723814",340802881203,875522841635
"712","145723814",340802881203,875522841635
"713","145723814",340802881203,875522841635
"714","145723814",340802881203,875522841635
"715","145723814",340802881203,875522841635
"716","145723814",340802881203,875522841635
"717","145723814",340802881203,875522841635
"718","145723814",340802881203,875522841635
"719","145723814",340802881203,875522841635
"720","145723814",340802881203,875522841635
"721","145723814",340802881203,875522841635
"722","145723814",340802881203,875522841635
"723","145723814",340802881203,875522841635
"724","145723814",340802881203,875522841635
"725","145723814",340802881203,875522841635
"726","145723814",340802881203,875522841635
"727","145723814",340802881203,875522841635
"728","145723814",340802881203,875522841635
"729","145723814",340802881203,875522841635
"730","145723814",340802881203,875522841635
"731","145723814",340802881203,875522841635
"732","145723814",340802881203,875522841635
"733","145723814",340802881203,875522841635
"734","145723814",340802881203,875522841635
"735","145723814",340802881203,875522841635
"736","145723814",340802881203,875522841635
"737","145723814",340802881203,875522841635
"738","145723814",340802881203,875522841635
"739","145723814",340802881203,875522841635
"740","145723814",340802881203,875522841635
"741","145723814",340802881203,875522841635
"742","145723814",340802881203,875522841635
"743","145723814",340802881203,875522841635
"744","145723814",340802881203,875522841635
"745","145723814",340802881203,875522841635
"746","145723814",340802881203,875522841635
"747","145723814",340802881203,875522841635
"748","145723814",340802881203,875522841635
"749","145723814",340802881203,875522841635
"750","145723814",340802881203,875522841635
"751","145723814",340802881203,875522841635
"752","145723814",340802881203,875522841635
"753","145723814",340802881203,875522841635
"754","145723814",340802881203,875522841635
"755","145723814",340802881203,875522841635
"756","145723814",340802881203,875522841635
"757","145723814",340802881203,875522841635
"758","145723814",340802881203,875522841635
"759","145723814",340802881203,875522841635
"760","145723814",340802881203,875522841635
"761","145723814",340802881203,875522841635
"762","145723814",340802881203,875522841635
"763","145723814",340802881203,875522841635
"764","145723814",340802881203,875522841635
"765","145723814",340802881203,875522841635
"766","145723814",340802881203,875522841635
"767","145723814",340802881203,875522841635
"768","145723814",340802881203,875522841635
"769","145723814",340802881203,875522841635
"770","145723814",340802881203,875522841635
"771","145723814",340802881203,875522841635
"772","145723814",340802881203,875522841635
"773","145723814",340802881203,875522841635
"774","145723814",340802881203,875522841635
"775","145723814",340802881203,875522841635
"776","145723814",340802881203,875522841635
"777","145723814",340802881203,875522841635
"778","145723814",340802881203,875522841635
"779","145723814",340802881203,875522841635
"780","145723814",340802881203,875522841635
"781","145723814",340802881203,1180416563
"782","145723814",340802881203,1180416563
"783","145723814",340802881203,1180416563
"784","145723814",340802881203,1180416563
"785","145723814",340802881203,1180416563
"786","145723814",340802881203,1180416563
"787","145723814",340802881203,1180416563
"788","145723814",340802881203,1180416563
"789","145723814",340802881203,1180416563
"790","145723814",340802881203,1180416563
"791","145723814",340802881203,1180416563
"792","145723814",340802881203,1180416563
"793","145723814",340802881203,1180416563
"794","145723814",340802881203,1180416563
"795","145723814",340802881203,1180416563
"796","145723814",340802881203,1180416563
"797","145723814",340802881203,1180416563
"798","145723814",340802881203,1180416563
"799","145723814",340802881203,1180416563
"800","145723814",340802881203,1180416563
"801","145723814",340802881203,1180416563
"802","145723814",340802881203,1180416563
"803","145723814",340802881203,1180416563
"804","145723814",340802881203,1180416563
"805","145723814",340802881203,1180416563
"806","145723814",340802881203,1180416563
"807","145723814",340802881203,1180416563
"808","145723814",340802881203,1180416563
"809","145723814",340802881203,1180416563
"810","145723814",340802881203,1180416563
"811","145723814",340802881203,1180416563
"812","145723814",340802881203,1180416563
"813","145723814",340802881203,1180416563
"814","145723814",340802881203,1180416563
"815","145723814",340802881203,1180416563
"816","145723814",340802881203,1180416563
"817","145723814",340802881203,1180416563
"818","145723814",340802881203,1180416563
"819","145723814",340802881203,1180416563
"820","145723814",340802881203,1180416563
"821","145723814",340802881203,1180416563
"822","145723814",340802881203,1180416563
"823","145723814",340802881203,1180416563
"824","145723814",340802881203,1180416563
"825","145723814",340802881203,1180416563
"826","145723814",340802881203,1180416563
"827","145723814",340802881203,1180416563
"828","145723814",340802881203,1180416563
"829","145723814",340802881203,1180416563
"830","145723814",340802881203,1180416563
"831","145723814",340802881203,1180416563
"832","145723814",340802881203,1180416563
"833","145723814",340802881203,1180416563
"834","145723814",340802881203,1180416563
"835","145723814",340802881203,1180416563
"836","145723814",340802881203,1180416563
"837","145723814",340802881203,1180416563
"838","145723814",340802881203,1180416563
"839","145723814",340802881203,1180416563
"840","145723814",340802881203,1180416563
"841","145723814",340802881203,1180416563
"842","145723814",340802881203,1180416563
"843","145723814",340802881203,1180416563
"844","145723814",340802881203,1180416563
"845","145723814",340802881203,1180416563
"846","145723814",340802881203,1180416563
"847","145723814",340802881203,1180416563
"848","145723814",340802881203,1180416563
"849","145723814",340802881203,1180416563
"850","145723814",340802881203,1180416563
"851","145723814",340802881203,1180416563
"852","145723814",340802881203,1180416563
"853","145723814",340802881203,1180416563
"854","145723814",340802881203,1180416563
"855","145723814",340802881203,1180416563
"856","145723814",340802881203,340802881203
"857","145723814",340802881203,340802881203
"858","145723814",340802881203,340802881203
"859","145723814",340802881203,340802881203
"860","145723814",340802881203,340802881203
"861","145723814",340802881203,340802881203
"862","145723814",340802881203,340802881203
"863","145723814",340802881203,340802881203
"864","145723814",340802881203,340802881203
"865","145723814",340802881203,340802881203
"866","145723814",340802881203,340802881203
"867","145723814",340802881203,340802881203
"868","145723814",340802881203,49726679370
"869","145723814",340802881203,49726679370
"870","145723814",340802881203,49726679370
"871","145723814",340802881203,49726679370
"872","145723814",340802881203,49726679370
"873","145723814",340802881203,49726679370
"874","145723814",340802881203,49726679370
"875","145723814",340802881203,49726679370
"876","145723814",340802881203,49726679370
"877","145723814",340802881203,49726679370
"878","145723814",340802881203,49726679370
"879","145723814",340802881203,49726679370
"880","145723814",340802881203,49726679370
"881","145723814",340802881203,49726679370
"882","145723814",340802881203,49726679370
"883","145723814",340802881203,49726679370
"884","145723814",340802881203,49726679370
"885","145723814",340802881203,49726679370
"886","145723814",340802881203,49726679370
"887","145723814",340802881203,49726679370
"888","145723814",340802881203,49726679370
"889","145723814",340802881203,49726679370
"890","145723814",340802881203,49726679370
"891","145723814",340802881203,49726679370
"892","145723814",340802881203,49726679370
"893","145723814",340802881203,49726679370
"894","145723814",340802881203,49726679370
"895","145723814",340802881203,49726679370
"896","145723814",340802881203,49726679370
"897","145723814",340802881203,49726679370
"898","145723814",340802881203,49726679370
"899","145723814",340802881203,49726679370
"900","145723814",340802881203,49726679370
"901","145723814",340802881203,49726679370
"902","145723814",340802881203,49726679370
"903","145723814",340802881203,49726679370
"904","145723814",340802881203,49726679370
"905","145723814",340802881203,49726679370
"906","145723814",340802881203,49726679370
"907","145723814",340802881203,49726679370
"908","145723814",340802881203,49726679370
"909","145723814",340802881203,49726679370
"910","145723814",340802881203,49726679370
"911","145723814",340802881203,49726679370
"912","145723814",340802881203,49726679370
"913","145723814",340802881203,49726679370
"914","145723814",340802881203,49726679370
"915","145723814",340802881203,49726679370
"916","145723814",340802881203,49726679370
"917","145723814",340802881203,49726679370
"918","145723814",340802881203,49726679370
"919","145723814",340802881203,49726679370
"920","145723814",340802881203,49726679370
"921","145723814",340802881203,49726679370
"922","145723814",340802881203,49726679370
"923","145723814",340802881203,49726679370
"924","145723814",340802881203,49726679370
"925","145723814",340802881203,49726679370
"926","145723814",340802881203,49726679370
"927","145723814",340802881203,49726679370
"928","145723814",340802881203,49726679370
"929","145723814",340802881203,49726679370
"930","145723814",340802881203,49726679370
"931","145723814",340802881203,49726679370
"932","145723814",340802881203,49726679370
"933","145723814",340802881203,49726679370
"934","145723814",340802881203,49726679370
"935","145723814",340802881203,49726679370
"936","145723814",340802881203,49726679370
"937","145723814",340802881203,49726679370
"938","145723814",340802881203,49726679370
"939","145723814",340802881203,49726679370
"940","145723814",340802881203,49726679370
"941","145723814",340802881203,49726679370
"942","145723814",340802881203,49726679370
"943","145723814",340802881203,49726679370
"944","145723814",340802881203,49726679370
"945","145723814",340802881203,49726679370
"946","145723814",340802881203,49726679370
"947","145723814",340802881203,49726679370
"948","145723814",340802881203,49726679370
"949","145723814",340802881203,NA
"950","145723814",340802881203,NA
"951",NA,340802881203,875522841635
"952",NA,340802881203,1180416563
"953",NA,340802881203,340802881203
"954",NA,340802881203,49726679370
"955",NA,340802881203,NA
"956","148963495",340802881203,NA
"957","148963495",340802881203,NA
"958","148963495",340802881203,NA
"959","148963495",340802881203,NA
"960","148963495",340802881203,NA
"961","148963495",340802881203,NA
"962","148963495",340802881203,NA
"963","148963495",340802881203,NA
"964","148963495",340802881203,NA
"965","148963495",340802881203,NA
"966","148963495",340802881203,NA
"967","148963495",340802881203,NA
"968","148963495",340802881203,NA
"969","148963495",340802881203,NA
"970","148963495",340802881203,NA
"971","148963495",340802881203,NA
"972","148963495",340802881203,NA
"973","148963495",340802881203,NA
"974","148963495",340802881203,NA
"975","148963495",340802881203,NA
"976","148963495",340802881203,NA
"977","148963495",340802881203,NA
"978","148963495",340802881203,NA
"979","148963495",340802881203,NA
"980","148963495",340802881203,NA
"981","148963495",340802881203,NA
"982","148963495",340802881203,NA
"983","148963495",340802881203,NA
"984","148963495",340802881203,NA
"985","148963495",340802881203,NA
"986","148963495",340802881203,NA
"987","148963495",340802881203,NA
"988","148963495",340802881203,NA
"989","148963495",340802881203,NA
"990","148963495",340802881203,NA
"991","148963495",340802881203,NA
"992","148963495",340802881203,NA
"993","148963495",340802881203,NA
"994","148963495",340802881203,NA
"995","148963495",340802881203,NA
"996","148963495",340802881203,NA
"997","148963495",340802881203,NA
"998","148963495",340802881203,NA
"999","148963495",340802881203,NA
"1000","148963495",340802881203,NA
"1001","148963495",340802881203,NA
"1002","148963495",340802881203,NA
"1003","148963495",340802881203,NA
"1004","148963495",340802881203,NA
"1005","148963495",340802881203,NA
"1006","148963495",340802881203,NA
"1007","148963495",340802881203,NA
"1008","148963495",340802881203,NA
"1009","148963495",340802881203,NA
"1010","148963495",340802881203,NA
"1011","148963495",340802881203,NA
"1012","148963495",340802881203,NA
"1013","148963495",340802881203,NA
"1014","148963495",340802881203,NA
"1015","148963495",340802881203,NA
"1016","148963495",340802881203,NA
"1017","148963495",340802881203,NA
"1018","148963495",340802881203,NA
"1019","148963495",340802881203,NA
"1020","148963495",340802881203,NA
"1021","148963495",340802881203,NA
"1022","148963495",340802881203,NA
"1023","148963495",340802881203,NA
"1024","148963495",340802881203,NA
"1025","148963495",340802881203,NA
"1026","148963495",340802881203,NA
"1027","148963495",340802881203,NA
"1028","148963495",340802881203,NA
"1029","148963495",340802881203,NA
"1030","148963495",340802881203,NA
"1031","148963495",340802881203,NA
"1032","148963495",340802881203,NA
"1033","148963495",340802881203,NA
"1034","148963495",340802881203,NA
"1035","148963495",340802881203,NA
"1036","148963495",340802881203,NA
"1037","148963495",340802881203,NA
"1038","148963495",340802881203,NA
"1039","148963495",340802881203,NA
"1040","148963495",340802881203,NA
"1041","148963495",340802881203,NA
"1042","148963495",340802881203,NA
"1043","148963495",340802881203,NA
"1044","148963495",340802881203,NA
"1045","148963495",340802881203,NA
"1046","148963495",340802881203,NA
"1047","148963495",340802881203,NA
"1048","148963495",340802881203,NA
"1049","148963495",340802881203,NA
"1050","148963495",340802881203,NA
"1051","148963495",340802881203,NA
"1052","148963495",340802881203,NA
"1053","148963495",340802881203,NA
"1054","148963495",340802881203,NA
"1055","148963495",340802881203,NA
"1056","148963495",340802881203,NA
"1057","148963495",340802881203,NA
"1058","148963495",340802881203,NA
"1059","148963495",340802881203,NA
"1060","148963495",340802881203,NA
"1061","148963495",340802881203,NA
"1062","148963495",340802881203,NA
"1063","148963495",340802881203,NA
"1064","148963495",340802881203,NA
"1065","148963495",340802881203,NA
"1066","148963495",340802881203,NA
"1067","148963495",340802881203,NA
"1068","148963495",340802881203,NA
"1069","148963495",340802881203,NA
"1070","148963495",340802881203,NA
"1071","148963495",340802881203,NA
"1072","148963495",340802881203,875522841635
"1073","148963495",340802881203,875522841635
"1074","148963495",340802881203,875522841635
"1075","148963495",340802881203,875522841635
"1076","148963495",340802881203,875522841635
"1077","148963495",340802881203,875522841635
"1078","148963495",340802881203,875522841635
"1079","148963495",340802881203,875522841635
"1080","148963495",340802881203,875522841635
"1081","148963495",340802881203,875522841635
"1082","148963495",340802881203,875522841635
"1083","148963495",340802881203,875522841635
"1084","148963495",340802881203,875522841635
"1085","148963495",340802881203,875522841635
"1086","148963495",340802881203,875522841635
"1087","148963495",340802881203,875522841635
"1088","148963495",340802881203,875522841635
"1089","148963495",340802881203,875522841635
"1090","148963495",340802881203,875522841635
"1091","148963495",340802881203,875522841635
"1092","148963495",340802881203,875522841635
"1093","148963495",340802881203,875522841635
"1094","148963495",340802881203,875522841635
"1095","148963495",340802881203,875522841635
"1096","148963495",340802881203,875522841635
"1097","148963495",340802881203,875522841635
"1098","148963495",340802881203,875522841635
"1099","148963495",340802881203,875522841635
"1100","148963495",340802881203,875522841635
"1101","148963495",340802881203,875522841635
"1102","148963495",340802881203,875522841635
"1103","148963495",340802881203,875522841635
"1104","148963495",340802881203,875522841635
"1105","148963495",340802881203,875522841635
"1106","148963495",340802881203,875522841635
"1107","148963495",340802881203,875522841635
"1108","148963495",340802881203,875522841635
"1109","148963495",340802881203,875522841635
"1110","148963495",340802881203,875522841635
"1111","148963495",340802881203,875522841635
"1112","148963495",340802881203,875522841635
"1113","148963495",340802881203,875522841635
"1114","148963495",340802881203,875522841635
"1115","148963495",340802881203,875522841635
"1116","148963495",340802881203,875522841635
"1117","148963495",340802881203,875522841635
"1118","148963495",340802881203,875522841635
"1119","148963495",340802881203,875522841635
"1120","148963495",340802881203,875522841635
"1121","148963495",340802881203,875522841635
"1122","148963495",340802881203,875522841635
"1123","148963495",340802881203,875522841635
"1124","148963495",340802881203,875522841635
"1125","148963495",340802881203,875522841635
"1126","148963495",340802881203,875522841635
"1127","148963495",340802881203,875522841635
"1128","148963495",340802881203,875522841635
"1129","148963495",340802881203,875522841635
"1130","148963495",340802881203,875522841635
"1131","148963495",340802881203,875522841635
"1132","148963495",340802881203,875522841635
"1133","148963495",340802881203,1180416563
"1134","148963495",340802881203,1180416563
"1135","148963495",340802881203,1180416563
"1136","148963495",340802881203,1180416563
"1137","148963495",340802881203,1180416563
"1138","148963495",340802881203,1180416563
"1139","148963495",340802881203,1180416563
"1140","148963495",340802881203,1180416563
"1141","148963495",340802881203,1180416563
"1142","148963495",340802881203,1180416563
"1143","148963495",340802881203,1180416563
"1144","148963495",340802881203,1180416563
"1145","148963495",340802881203,1180416563
"1146","148963495",340802881203,1180416563
"1147","148963495",340802881203,1180416563
"1148","148963495",340802881203,1180416563
"1149","148963495",340802881203,1180416563
"1150","148963495",340802881203,1180416563
"1151","148963495",340802881203,1180416563
"1152","148963495",340802881203,1180416563
"1153","148963495",340802881203,1180416563
"1154","148963495",340802881203,1180416563
"1155","148963495",340802881203,1180416563
"1156","148963495",340802881203,1180416563
"1157","148963495",340802881203,1180416563
"1158","148963495",340802881203,1180416563
"1159","148963495",340802881203,1180416563
"1160","148963495",340802881203,1180416563
"1161","148963495",340802881203,1180416563
"1162","148963495",340802881203,1180416563
"1163","148963495",340802881203,1180416563
"1164","148963495",340802881203,1180416563
"1165","148963495",340802881203,1180416563
"1166","148963495",340802881203,1180416563
"1167","148963495",340802881203,1180416563
"1168","148963495",340802881203,1180416563
"1169","148963495",340802881203,1180416563
"1170","148963495",340802881203,1180416563
"1171","148963495",340802881203,1180416563
"1172","148963495",340802881203,1180416563
"1173","148963495",340802881203,1180416563
"1174","148963495",340802881203,1180416563
"1175","148963495",340802881203,1180416563
"1176","148963495",340802881203,1180416563
"1177","148963495",340802881203,1180416563
"1178","148963495",340802881203,1180416563
"1179","148963495",340802881203,1180416563
"1180","148963495",340802881203,1180416563
"1181","148963495",340802881203,1180416563
"1182","148963495",340802881203,1180416563
"1183","148963495",340802881203,1180416563
"1184","148963495",340802881203,1180416563
"1185","148963495",340802881203,1180416563
"1186","148963495",340802881203,1180416563
"1187","148963495",340802881203,1180416563
"1188","148963495",340802881203,1180416563
"1189","148963495",340802881203,1180416563
"1190","148963495",340802881203,1180416563
"1191","148963495",340802881203,1180416563
"1192","148963495",340802881203,1180416563
"1193","148963495",340802881203,1180416563
"1194","148963495",340802881203,1180416563
"1195","148963495",340802881203,1180416563
"1196","148963495",340802881203,1180416563
"1197","148963495",340802881203,1180416563
"1198","148963495",340802881203,1180416563
"1199","148963495",340802881203,1180416563
"1200","148963495",340802881203,1180416563
"1201","148963495",340802881203,1180416563
"1202","148963495",340802881203,1180416563
"1203","148963495",340802881203,1180416563
"1204","148963495",340802881203,1180416563
"1205","148963495",340802881203,1180416563
"1206","148963495",340802881203,1180416563
"1207","148963495",340802881203,1180416563
"1208","148963495",340802881203,340802881203
"1209","148963495",340802881203,340802881203
"1210","148963495",340802881203,340802881203
"1211","148963495",340802881203,340802881203
"1212","148963495",340802881203,340802881203
"1213","148963495",340802881203,340802881203
"1214","148963495",340802881203,340802881203
"1215","148963495",340802881203,340802881203
"1216","148963495",340802881203,340802881203
"1217","148963495",340802881203,340802881203
"1218","148963495",340802881203,49726679370
"1219","148963495",340802881203,49726679370
"1220","148963495",340802881203,49726679370
"1221","148963495",340802881203,49726679370
"1222","148963495",340802881203,49726679370
"1223","148963495",340802881203,49726679370
"1224","148963495",340802881203,49726679370
"1225","148963495",340802881203,49726679370
"1226","148963495",340802881203,49726679370
"1227","148963495",340802881203,49726679370
"1228","148963495",340802881203,49726679370
"1229","148963495",340802881203,49726679370
"1230","148963495",340802881203,49726679370
"1231","148963495",340802881203,49726679370
"1232","148963495",340802881203,49726679370
"1233","148963495",340802881203,49726679370
"1234","148963495",340802881203,49726679370
"1235","148963495",340802881203,49726679370
"1236","148963495",340802881203,49726679370
"1237","148963495",340802881203,49726679370
"1238","148963495",340802881203,49726679370
"1239","148963495",340802881203,49726679370
"1240","148963495",340802881203,49726679370
"1241","148963495",340802881203,49726679370
"1242","148963495",340802881203,49726679370
"1243","148963495",340802881203,49726679370
"1244","148963495",340802881203,49726679370
"1245","148963495",340802881203,49726679370
"1246","148963495",340802881203,49726679370
"1247","148963495",340802881203,49726679370
"1248","148963495",340802881203,49726679370
"1249","148963495",340802881203,49726679370
"1250","148963495",340802881203,49726679370
"1251","148963495",340802881203,49726679370
"1252","148963495",340802881203,49726679370
"1253","148963495",340802881203,49726679370
"1254","148963495",340802881203,49726679370
"1255","148963495",340802881203,49726679370
"1256","148963495",340802881203,49726679370
"1257","148963495",340802881203,49726679370
"1258","148963495",340802881203,49726679370
"1259","148963495",340802881203,49726679370
"1260","148963495",340802881203,49726679370
"1261","148963495",340802881203,49726679370
"1262","148963495",340802881203,49726679370
"1263","148963495",340802881203,49726679370
"1264","148963495",340802881203,49726679370
"1265","148963495",340802881203,49726679370
"1266","148963495",340802881203,49726679370
"1267","148963495",340802881203,49726679370
"1268","148963495",340802881203,49726679370
"1269","148963495",340802881203,49726679370
"1270","148963495",340802881203,49726679370
"1271","148963495",340802881203,49726679370
"1272","148963495",340802881203,49726679370
"1273","148963495",340802881203,49726679370
"1274","148963495",340802881203,49726679370
"1275","148963495",340802881203,49726679370
"1276","148963495",340802881203,49726679370
"1277","148963495",340802881203,49726679370
"1278","148963495",340802881203,49726679370
"1279","148963495",340802881203,49726679370
"1280","148963495",340802881203,49726679370
"1281","148963495",340802881203,49726679370
"1282","148963495",340802881203,49726679370
"1283","148963495",340802881203,49726679370
"1284","148963495",340802881203,49726679370
"1285","148963495",340802881203,49726679370
"1286","148963495",340802881203,49726679370
"1287","148963495",340802881203,49726679370
"1288","148963495",340802881203,49726679370
"1289","148963495",340802881203,49726679370
"1290","148963495",340802881203,49726679370
"1291","148963495",340802881203,49726679370
"1292","148963495",340802881203,49726679370
"1293","148963495",340802881203,49726679370
"1294","148963495",340802881203,49726679370
"1295","148963495",340802881203,49726679370
"1296","148963495",340802881203,49726679370
"1297","148963495",340802881203,49726679370
"1298","148963495",340802881203,49726679370
"1299","148963495",340802881203,49726679370
"1300","148963495",340802881203,49726679370
"1301","148963495",340802881203,49726679370
"1302","148963495",340802881203,49726679370
"1303","148963495",340802881203,49726679370
"1304","148963495",340802881203,49726679370
"1305","148963495",340802881203,49726679370
"1306","148963495",340802881203,49726679370
"1307","148963495",340802881203,49726679370
"1308","148963495",340802881203,49726679370
"1309","148963495",340802881203,49726679370
"1310","148963495",340802881203,49726679370
"1311","148963495",340802881203,49726679370
"1312","148963495",340802881203,49726679370
"1313","148963495",340802881203,49726679370
"1314","148963495",340802881203,49726679370
"1315","148963495",340802881203,49726679370
"1316","148963495",340802881203,49726679370
"1317","148963495",340802881203,49726679370
"1318","148963495",340802881203,NA
"1319","148963495",340802881203,NA
"1320",NA,340802881203,875522841635
"1321",NA,340802881203,1180416563
"1322",NA,340802881203,340802881203
"1323",NA,340802881203,49726679370
"1324",NA,340802881203,NA
"1325","151700869",340802881203,NA
"1326","151700869",340802881203,NA
"1327","151700869",340802881203,NA
"1328","151700869",340802881203,NA
"1329","151700869",340802881203,NA
"1330","151700869",340802881203,NA
"1331","151700869",340802881203,NA
"1332","151700869",340802881203,NA
"1333","151700869",340802881203,NA
"1334","151700869",340802881203,NA
"1335","151700869",340802881203,NA
"1336","151700869",340802881203,NA
"1337","151700869",340802881203,NA
"1338","151700869",340802881203,NA
"1339","151700869",340802881203,NA
"1340","151700869",340802881203,NA
"1341","151700869",340802881203,NA
"1342","151700869",340802881203,NA
"1343","151700869",340802881203,NA
"1344","151700869",340802881203,NA
"1345","151700869",340802881203,NA
"1346","151700869",340802881203,NA
"1347","151700869",340802881203,NA
"1348","151700869",340802881203,NA
"1349","151700869",340802881203,NA
"1350","151700869",340802881203,NA
"1351","151700869",340802881203,NA
"1352","151700869",340802881203,NA
"1353","151700869",340802881203,NA
"1354","151700869",340802881203,NA
"1355","151700869",340802881203,NA
"1356","151700869",340802881203,NA
"1357","151700869",340802881203,NA
"1358","151700869",340802881203,NA
"1359","151700869",340802881203,NA
"1360","151700869",340802881203,NA
"1361","151700869",340802881203,NA
"1362","151700869",340802881203,NA
"1363","151700869",340802881203,NA
"1364","151700869",340802881203,NA
"1365","151700869",340802881203,NA
"1366","151700869",340802881203,NA
"1367","151700869",340802881203,NA
"1368","151700869",340802881203,NA
"1369","151700869",340802881203,NA
"1370","151700869",340802881203,NA
"1371","151700869",340802881203,NA
"1372","151700869",340802881203,NA
"1373","151700869",340802881203,NA
"1374","151700869",340802881203,NA
"1375","151700869",340802881203,NA
"1376","151700869",340802881203,NA
"1377","151700869",340802881203,NA
"1378","151700869",340802881203,NA
"1379","151700869",340802881203,NA
"1380","151700869",340802881203,NA
"1381","151700869",340802881203,NA
"1382","151700869",340802881203,NA
"1383","151700869",340802881203,NA
"1384","151700869",340802881203,NA
"1385","151700869",340802881203,NA
"1386","151700869",340802881203,NA
"1387","151700869",340802881203,NA
"1388","151700869",340802881203,NA
"1389","151700869",340802881203,NA
"1390","151700869",340802881203,NA
"1391","151700869",340802881203,NA
"1392","151700869",340802881203,NA
"1393","151700869",340802881203,NA
"1394","151700869",340802881203,NA
"1395","151700869",340802881203,NA
"1396","151700869",340802881203,NA
"1397","151700869",340802881203,NA
"1398","151700869",340802881203,NA
"1399","151700869",340802881203,NA
"1400","151700869",340802881203,NA
"1401","151700869",340802881203,NA
"1402","151700869",340802881203,NA
"1403","151700869",340802881203,NA
"1404","151700869",340802881203,NA
"1405","151700869",340802881203,NA
"1406","151700869",340802881203,NA
"1407","151700869",340802881203,NA
"1408","151700869",340802881203,NA
"1409","151700869",340802881203,NA
"1410","151700869",340802881203,NA
"1411","151700869",340802881203,NA
"1412","151700869",340802881203,NA
"1413","151700869",340802881203,NA
"1414","151700869",340802881203,NA
"1415","151700869",340802881203,NA
"1416","151700869",340802881203,NA
"1417","151700869",340802881203,NA
"1418","151700869",340802881203,NA
"1419","151700869",340802881203,NA
"1420","151700869",340802881203,NA
"1421","151700869",340802881203,NA
"1422","151700869",340802881203,NA
"1423","151700869",340802881203,NA
"1424","151700869",340802881203,NA
"1425","151700869",340802881203,NA
"1426","151700869",340802881203,NA
"1427","151700869",340802881203,NA
"1428","151700869",340802881203,NA
"1429","151700869",340802881203,NA
"1430","151700869",340802881203,NA
"1431","151700869",340802881203,NA
"1432","151700869",340802881203,NA
"1433","151700869",340802881203,NA
"1434","151700869",340802881203,NA
"1435","151700869",340802881203,NA
"1436","151700869",340802881203,NA
"1437","151700869",340802881203,NA
"1438","151700869",340802881203,NA
"1439","151700869",340802881203,NA
"1440","151700869",340802881203,NA
"1441","151700869",340802881203,NA
"1442","151700869",340802881203,NA
"1443","151700869",340802881203,NA
"1444","151700869",340802881203,NA
"1445","151700869",340802881203,NA
"1446","151700869",340802881203,NA
"1447","151700869",340802881203,NA
"1448","151700869",340802881203,NA
"1449","151700869",340802881203,NA
"1450","151700869",340802881203,NA
"1451","151700869",340802881203,NA
"1452","151700869",340802881203,NA
"1453","151700869",340802881203,NA
"1454","151700869",340802881203,NA
"1455","151700869",340802881203,NA
"1456","151700869",340802881203,NA
"1457","151700869",340802881203,NA
"1458","151700869",340802881203,NA
"1459","151700869",340802881203,NA
"1460","151700869",340802881203,NA
"1461","151700869",340802881203,NA
"1462","151700869",340802881203,NA
"1463","151700869",340802881203,NA
"1464","151700869",340802881203,NA
"1465","151700869",340802881203,NA
"1466","151700869",340802881203,NA
"1467","151700869",340802881203,NA
"1468","151700869",340802881203,NA
"1469","151700869",340802881203,875522841635
"1470","151700869",340802881203,875522841635
"1471","151700869",340802881203,875522841635
"1472","151700869",340802881203,875522841635
"1473","151700869",340802881203,875522841635
"1474","151700869",340802881203,875522841635
"1475","151700869",340802881203,875522841635
"1476","151700869",340802881203,875522841635
"1477","151700869",340802881203,875522841635
"1478","151700869",340802881203,875522841635
"1479","151700869",340802881203,875522841635
"1480","151700869",340802881203,875522841635
"1481","151700869",340802881203,875522841635
"1482","151700869",340802881203,875522841635
"1483","151700869",340802881203,875522841635
"1484","151700869",340802881203,875522841635
"1485","151700869",340802881203,875522841635
"1486","151700869",340802881203,875522841635
"1487","151700869",340802881203,875522841635
"1488","151700869",340802881203,875522841635
"1489","151700869",340802881203,875522841635
"1490","151700869",340802881203,875522841635
"1491","151700869",340802881203,875522841635
"1492","151700869",340802881203,875522841635
"1493","151700869",340802881203,875522841635
"1494","151700869",340802881203,875522841635
"1495","151700869",340802881203,875522841635
"1496","151700869",340802881203,875522841635
"1497","151700869",340802881203,875522841635
"1498","151700869",340802881203,875522841635
"1499","151700869",340802881203,875522841635
"1500","151700869",340802881203,875522841635
"1501","151700869",340802881203,875522841635
"1502","151700869",340802881203,875522841635
"1503","151700869",340802881203,875522841635
"1504","151700869",340802881203,875522841635
"1505","151700869",340802881203,875522841635
"1506","151700869",340802881203,875522841635
"1507","151700869",340802881203,875522841635
"1508","151700869",340802881203,875522841635
"1509","151700869",340802881203,875522841635
"1510","151700869",340802881203,875522841635
"1511","151700869",340802881203,875522841635
"1512","151700869",340802881203,875522841635
"1513","151700869",340802881203,875522841635
"1514","151700869",340802881203,875522841635
"1515","151700869",340802881203,875522841635
"1516","151700869",340802881203,875522841635
"1517","151700869",340802881203,875522841635
"1518","151700869",340802881203,875522841635
"1519","151700869",340802881203,875522841635
"1520","151700869",340802881203,875522841635
"1521","151700869",340802881203,875522841635
"1522","151700869",340802881203,875522841635
"1523","151700869",340802881203,875522841635
"1524","151700869",340802881203,875522841635
"1525","151700869",340802881203,875522841635
"1526","151700869",340802881203,875522841635
"1527","151700869",340802881203,875522841635
"1528","151700869",340802881203,875522841635
"1529","151700869",340802881203,875522841635
"1530","151700869",340802881203,875522841635
"1531","151700869",340802881203,875522841635
"1532","151700869",340802881203,875522841635
"1533","151700869",340802881203,875522841635
"1534","151700869",340802881203,875522841635
"1535","151700869",340802881203,875522841635
"1536","151700869",340802881203,875522841635
"1537","151700869",340802881203,875522841635
"1538","151700869",340802881203,875522841635
"1539","151700869",340802881203,875522841635
"1540","151700869",340802881203,875522841635
"1541","151700869",340802881203,875522841635
"1542","151700869",340802881203,875522841635
"1543","151700869",340802881203,875522841635
"1544","151700869",340802881203,875522841635
"1545","151700869",340802881203,875522841635
"1546","151700869",340802881203,875522841635
"1547","151700869",340802881203,875522841635
"1548","151700869",340802881203,875522841635
"1549","151700869",340802881203,875522841635
"1550","151700869",340802881203,875522841635
"1551","151700869",340802881203,875522841635
"1552","151700869",340802881203,875522841635
"1553","151700869",340802881203,875522841635
"1554","151700869",340802881203,875522841635
"1555","151700869",340802881203,875522841635
"1556","151700869",340802881203,875522841635
"1557","151700869",340802881203,875522841635
"1558","151700869",340802881203,875522841635
"1559","151700869",340802881203,875522841635
"1560","151700869",340802881203,875522841635
"1561","151700869",340802881203,875522841635
"1562","151700869",340802881203,875522841635
"1563","151700869",340802881203,875522841635
"1564","151700869",340802881203,875522841635
"1565","151700869",340802881203,875522841635
"1566","151700869",340802881203,1180416563
"1567","151700869",340802881203,1180416563
"1568","151700869",340802881203,1180416563
"1569","151700869",340802881203,1180416563
"1570","151700869",340802881203,1180416563
"1571","151700869",340802881203,1180416563
"1572","151700869",340802881203,1180416563
"1573","151700869",340802881203,1180416563
"1574","151700869",340802881203,1180416563
"1575","151700869",340802881203,1180416563
"1576","151700869",340802881203,1180416563
"1577","151700869",340802881203,1180416563
"1578","151700869",340802881203,1180416563
"1579","151700869",340802881203,1180416563
"1580","151700869",340802881203,1180416563
"1581","151700869",340802881203,1180416563
"1582","151700869",340802881203,1180416563
"1583","151700869",340802881203,1180416563
"1584","151700869",340802881203,1180416563
"1585","151700869",340802881203,1180416563
"1586","151700869",340802881203,1180416563
"1587","151700869",340802881203,1180416563
"1588","151700869",340802881203,1180416563
"1589","151700869",340802881203,1180416563
"1590","151700869",340802881203,1180416563
"1591","151700869",340802881203,1180416563
"1592","151700869",340802881203,1180416563
"1593","151700869",340802881203,1180416563
"1594","151700869",340802881203,1180416563
"1595","151700869",340802881203,1180416563
"1596","151700869",340802881203,1180416563
"1597","151700869",340802881203,1180416563
"1598","151700869",340802881203,1180416563
"1599","151700869",340802881203,1180416563
"1600","151700869",340802881203,1180416563
"1601","151700869",340802881203,1180416563
"1602","151700869",340802881203,1180416563
"1603","151700869",340802881203,1180416563
"1604","151700869",340802881203,1180416563
"1605","151700869",340802881203,1180416563
"1606","151700869",340802881203,1180416563
"1607","151700869",340802881203,1180416563
"1608","151700869",340802881203,1180416563
"1609","151700869",340802881203,1180416563
"1610","151700869",340802881203,1180416563
"1611","151700869",340802881203,1180416563
"1612","151700869",340802881203,1180416563
"1613","151700869",340802881203,1180416563
"1614","151700869",340802881203,1180416563
"1615","151700869",340802881203,1180416563
"1616","151700869",340802881203,1180416563
"1617","151700869",340802881203,1180416563
"1618","151700869",340802881203,1180416563
"1619","151700869",340802881203,1180416563
"1620","151700869",340802881203,1180416563
"1621","151700869",340802881203,1180416563
"1622","151700869",340802881203,1180416563
"1623","151700869",340802881203,1180416563
"1624","151700869",340802881203,1180416563
"1625","151700869",340802881203,1180416563
"1626","151700869",340802881203,1180416563
"1627","151700869",340802881203,1180416563
"1628","151700869",340802881203,1180416563
"1629","151700869",340802881203,1180416563
"1630","151700869",340802881203,1180416563
"1631","151700869",340802881203,340802881203
"1632","151700869",340802881203,340802881203
"1633","151700869",340802881203,340802881203
"1634","151700869",340802881203,340802881203
"1635","151700869",340802881203,340802881203
"1636","151700869",340802881203,340802881203
"1637","151700869",340802881203,340802881203
"1638","151700869",340802881203,340802881203
"1639","151700869",340802881203,340802881203
"1640","151700869",340802881203,340802881203
"1641","151700869",340802881203,49726679370
"1642","151700869",340802881203,49726679370
"1643","151700869",340802881203,49726679370
"1644","151700869",340802881203,49726679370
"1645","151700869",340802881203,49726679370
"1646","151700869",340802881203,49726679370
"1647","151700869",340802881203,49726679370
"1648","151700869",340802881203,49726679370
"1649","151700869",340802881203,49726679370
"1650","151700869",340802881203,49726679370
"1651","151700869",340802881203,49726679370
"1652","151700869",340802881203,49726679370
"1653","151700869",340802881203,49726679370
"1654","151700869",340802881203,49726679370
"1655","151700869",340802881203,49726679370
"1656","151700869",340802881203,49726679370
"1657","151700869",340802881203,49726679370
"1658","151700869",340802881203,49726679370
"1659","151700869",340802881203,49726679370
"1660","151700869",340802881203,49726679370
"1661","151700869",340802881203,49726679370
"1662","151700869",340802881203,49726679370
"1663","151700869",340802881203,49726679370
"1664","151700869",340802881203,49726679370
"1665","151700869",340802881203,49726679370
"1666","151700869",340802881203,49726679370
"1667","151700869",340802881203,49726679370
"1668","151700869",340802881203,49726679370
"1669","151700869",340802881203,49726679370
"1670","151700869",340802881203,49726679370
"1671","151700869",340802881203,49726679370
"1672","151700869",340802881203,49726679370
"1673","151700869",340802881203,49726679370
"1674","151700869",340802881203,49726679370
"1675","151700869",340802881203,49726679370
"1676","151700869",340802881203,49726679370
"1677","151700869",340802881203,49726679370
"1678","151700869",340802881203,49726679370
"1679","151700869",340802881203,49726679370
"1680","151700869",340802881203,49726679370
"1681","151700869",340802881203,49726679370
"1682","151700869",340802881203,49726679370
"1683","151700869",340802881203,49726679370
"1684","151700869",340802881203,49726679370
"1685","151700869",340802881203,49726679370
"1686","151700869",340802881203,49726679370
"1687","151700869",340802881203,49726679370
"1688","151700869",340802881203,49726679370
"1689","151700869",340802881203,49726679370
"1690","151700869",340802881203,49726679370
"1691","151700869",340802881203,49726679370
"1692","151700869",340802881203,49726679370
"1693","151700869",340802881203,49726679370
"1694","151700869",340802881203,49726679370
"1695","151700869",340802881203,49726679370
"1696","151700869",340802881203,49726679370
"1697","151700869",340802881203,49726679370
"1698","151700869",340802881203,49726679370
"1699","151700869",340802881203,49726679370
"1700","151700869",340802881203,49726679370
"1701","151700869",340802881203,49726679370
"1702","151700869",340802881203,49726679370
"1703","151700869",340802881203,49726679370
"1704","151700869",340802881203,49726679370
"1705","151700869",340802881203,49726679370
"1706","151700869",340802881203,49726679370
"1707","151700869",340802881203,49726679370
"1708","151700869",340802881203,49726679370
"1709","151700869",340802881203,49726679370
"1710","151700869",340802881203,49726679370
"1711","151700869",340802881203,49726679370
"1712","151700869",340802881203,49726679370
"1713","151700869",340802881203,49726679370
"1714","151700869",340802881203,49726679370
"1715","151700869",340802881203,49726679370
"1716","151700869",340802881203,49726679370
"1717","151700869",340802881203,49726679370
"1718","151700869",340802881203,49726679370
"1719","151700869",340802881203,49726679370
"1720","151700869",340802881203,49726679370
"1721","151700869",340802881203,49726679370
"1722","151700869",340802881203,49726679370
"1723","151700869",340802881203,49726679370
"1724","151700869",340802881203,49726679370
"1725","151700869",340802881203,49726679370
"1726","151700869",340802881203,49726679370
"1727","151700869",340802881203,49726679370
"1728","151700869",340802881203,49726679370
"1729","151700869",340802881203,49726679370
"1730","151700869",340802881203,49726679370
"1731","151700869",340802881203,49726679370
"1732","151700869",340802881203,49726679370
"1733","151700869",340802881203,49726679370
"1734","151700869",340802881203,49726679370
"1735","151700869",340802881203,49726679370
"1736","151700869",340802881203,49726679370
"1737","151700869",340802881203,49726679370
"1738","151700869",340802881203,49726679370
"1739","151700869",340802881203,49726679370
"1740","151700869",340802881203,49726679370
"1741","151700869",340802881203,49726679370
"1742","151700869",340802881203,49726679370
"1743","151700869",340802881203,49726679370
"1744","151700869",340802881203,49726679370
"1745","151700869",340802881203,49726679370
"1746","151700869",340802881203,49726679370
"1747","151700869",340802881203,49726679370
"1748","151700869",340802881203,49726679370
"1749","151700869",340802881203,548625929042
"1750","151700869",340802881203,548625929042
"1751","151700869",340802881203,548625929042
"1752","151700869",340802881203,548625929042
"1753","151700869",340802881203,548625929042
"1754","151700869",340802881203,548625929042
"1755","151700869",340802881203,548625929042
"1756","151700869",340802881203,548625929042
"1757","151700869",340802881203,548625929042
"1758","151700869",340802881203,548625929042
"1759","151700869",340802881203,548625929042
"1760","151700869",340802881203,548625929042
"1761","151700869",340802881203,548625929042
"1762","151700869",340802881203,548625929042
"1763","151700869",340802881203,548625929042
"1764","151700869",340802881203,548625929042
"1765","151700869",340802881203,548625929042
"1766","151700869",340802881203,548625929042
"1767","151700869",340802881203,548625929042
"1768","151700869",340802881203,548625929042
"1769","151700869",340802881203,548625929042
"1770","151700869",340802881203,548625929042
"1771","151700869",340802881203,548625929042
"1772","151700869",340802881203,548625929042
"1773","151700869",340802881203,548625929042
"1774","151700869",340802881203,548625929042
"1775","151700869",340802881203,548625929042
"1776","151700869",340802881203,548625929042
"1777","151700869",340802881203,548625929042
"1778","151700869",340802881203,548625929042
"1779","151700869",340802881203,548625929042
"1780","151700869",340802881203,548625929042
"1781","151700869",340802881203,548625929042
"1782","151700869",340802881203,548625929042
"1783","151700869",340802881203,548625929042
"1784","151700869",340802881203,548625929042
"1785","151700869",340802881203,548625929042
"1786","151700869",340802881203,548625929042
"1787","151700869",340802881203,548625929042
"1788","151700869",340802881203,548625929042
"1789","151700869",340802881203,548625929042
"1790","151700869",340802881203,548625929042
"1791","151700869",340802881203,548625929042
"1792","151700869",340802881203,548625929042
"1793","151700869",340802881203,548625929042
"1794","151700869",340802881203,548625929042
"1795","151700869",340802881203,548625929042
"1796","151700869",340802881203,548625929042
"1797","151700869",340802881203,548625929042
"1798","151700869",340802881203,548625929042
"1799","151700869",340802881203,548625929042
"1800","151700869",340802881203,548625929042
"1801","151700869",340802881203,548625929042
"1802","151700869",340802881203,548625929042
"1803","151700869",340802881203,NA
"1804","151700869",340802881203,NA
"1805",NA,340802881203,875522841635
"1806",NA,340802881203,1180416563
"1807",NA,340802881203,340802881203
"1808",NA,340802881203,49726679370
"1809",NA,340802881203,548625929042
"1810",NA,340802881203,NA
"1811","Estimated",340802881203,NA
"1812","Estimated",340802881203,NA
"1813","Estimated",340802881203,NA
"1814","Estimated",340802881203,NA
"1815","Estimated",340802881203,NA
"1816","Estimated",340802881203,NA
"1817","Estimated",340802881203,NA
"1818","Estimated",340802881203,NA
"1819","Estimated",340802881203,NA
"1820","Estimated",340802881203,NA
"1821","Estimated",340802881203,NA
"1822","Estimated",340802881203,NA
"1823","Estimated",340802881203,NA
"1824","Estimated",340802881203,NA
"1825","Estimated",340802881203,NA
"1826","Estimated",340802881203,NA
"1827","Estimated",340802881203,NA
"1828","Estimated",340802881203,NA
"1829","Estimated",340802881203,NA
"1830","Estimated",340802881203,NA
"1831","Estimated",340802881203,NA
"1832","Estimated",340802881203,NA
"1833","Estimated",340802881203,NA
"1834","Estimated",340802881203,NA
"1835","Estimated",340802881203,NA
"1836","Estimated",340802881203,NA
"1837","Estimated",340802881203,NA
"1838","Estimated",340802881203,NA
"1839","Estimated",340802881203,NA
"1840","Estimated",340802881203,NA
"1841","Estimated",340802881203,NA
"1842","Estimated",340802881203,NA
"1843","Estimated",340802881203,NA
"1844","Estimated",340802881203,NA
"1845","Estimated",340802881203,NA
"1846","Estimated",340802881203,NA
"1847","Estimated",340802881203,NA
"1848","Estimated",340802881203,NA
"1849","Estimated",340802881203,NA
"1850","Estimated",340802881203,NA
"1851","Estimated",340802881203,NA
"1852","Estimated",340802881203,NA
"1853","Estimated",340802881203,NA
"1854","Estimated",340802881203,NA
"1855","Estimated",340802881203,NA
"1856","Estimated",340802881203,NA
"1857","Estimated",340802881203,NA
"1858","Estimated",340802881203,NA
"1859","Estimated",340802881203,NA
"1860","Estimated",340802881203,NA
"1861","Estimated",340802881203,NA
"1862","Estimated",340802881203,NA
"1863","Estimated",340802881203,NA
"1864","Estimated",340802881203,NA
"1865","Estimated",340802881203,NA
"1866","Estimated",340802881203,NA
"1867","Estimated",340802881203,NA
"1868","Estimated",340802881203,NA
"1869","Estimated",340802881203,NA
"1870","Estimated",340802881203,NA
"1871","Estimated",340802881203,NA
"1872","Estimated",340802881203,NA
"1873","Estimated",340802881203,NA
"1874","Estimated",340802881203,NA
"1875","Estimated",340802881203,NA
"1876","Estimated",340802881203,NA
"1877","Estimated",340802881203,NA
"1878","Estimated",340802881203,NA
"1879","Estimated",340802881203,NA
"1880","Estimated",340802881203,NA
"1881","Estimated",340802881203,NA
"1882","Estimated",340802881203,NA
"1883","Estimated",340802881203,NA
"1884","Estimated",340802881203,NA
"1885","Estimated",340802881203,NA
"1886","Estimated",340802881203,NA
"1887","Estimated",340802881203,NA
"1888","Estimated",340802881203,NA
"1889","Estimated",340802881203,NA
"1890","Estimated",340802881203,NA
"1891","Estimated",340802881203,NA
"1892","Estimated",340802881203,NA
"1893","Estimated",340802881203,NA
"1894","Estimated",340802881203,NA
"1895","Estimated",340802881203,NA
"1896","Estimated",340802881203,NA
"1897","Estimated",340802881203,NA
"1898","Estimated",340802881203,NA
"1899","Estimated",340802881203,NA
"1900","Estimated",340802881203,NA
"1901","Estimated",340802881203,NA
"1902","Estimated",340802881203,NA
"1903","Estimated",340802881203,NA
"1904","Estimated",340802881203,NA
"1905","Estimated",340802881203,NA
"1906","Estimated",340802881203,NA
"1907","Estimated",340802881203,NA
"1908","Estimated",340802881203,NA
"1909","Estimated",340802881203,NA
"1910","Estimated",340802881203,NA
"1911","Estimated",340802881203,NA
"1912","Estimated",340802881203,NA
"1913","Estimated",340802881203,NA
"1914","Estimated",340802881203,NA
"1915","Estimated",340802881203,NA
"1916","Estimated",340802881203,NA
"1917","Estimated",340802881203,NA
"1918","Estimated",340802881203,NA
"1919","Estimated",340802881203,NA
"1920","Estimated",340802881203,NA
"1921","Estimated",340802881203,NA
"1922","Estimated",340802881203,NA
"1923","Estimated",340802881203,NA
"1924","Estimated",340802881203,NA
"1925","Estimated",340802881203,NA
"1926","Estimated",340802881203,NA
"1927","Estimated",340802881203,NA
"1928","Estimated",340802881203,NA
"1929","Estimated",340802881203,NA
"1930","Estimated",340802881203,NA
"1931","Estimated",340802881203,NA
"1932","Estimated",340802881203,NA
"1933","Estimated",340802881203,NA
"1934","Estimated",340802881203,NA
"1935","Estimated",340802881203,NA
"1936","Estimated",340802881203,NA
"1937","Estimated",340802881203,NA
"1938","Estimated",340802881203,NA
"1939","Estimated",340802881203,NA
"1940","Estimated",340802881203,NA
"1941","Estimated",340802881203,NA
"1942","Estimated",340802881203,NA
"1943","Estimated",340802881203,NA
"1944","Estimated",340802881203,NA
"1945","Estimated",340802881203,NA
"1946","Estimated",340802881203,NA
"1947","Estimated",340802881203,NA
"1948","Estimated",340802881203,NA
"1949","Estimated",340802881203,NA
"1950","Estimated",340802881203,NA
"1951","Estimated",340802881203,NA
"1952","Estimated",340802881203,NA
"1953","Estimated",340802881203,NA
"1954","Estimated",340802881203,NA
"1955","Estimated",340802881203,NA
"1956","Estimated",340802881203,NA
"1957","Estimated",340802881203,NA
"1958","Estimated",340802881203,NA
"1959","Estimated",340802881203,875522841635
"1960","Estimated",340802881203,875522841635
"1961","Estimated",340802881203,875522841635
"1962","Estimated",340802881203,875522841635
"1963","Estimated",340802881203,875522841635
"1964","Estimated",340802881203,875522841635
"1965","Estimated",340802881203,875522841635
"1966","Estimated",340802881203,875522841635
"1967","Estimated",340802881203,875522841635
"1968","Estimated",340802881203,875522841635
"1969","Estimated",340802881203,875522841635
"1970","Estimated",340802881203,875522841635
"1971","Estimated",340802881203,875522841635
"1972","Estimated",340802881203,875522841635
"1973","Estimated",340802881203,875522841635
"1974","Estimated",340802881203,875522841635
"1975","Estimated",340802881203,875522841635
"1976","Estimated",340802881203,875522841635
"1977","Estimated",340802881203,875522841635
"1978","Estimated",340802881203,875522841635
"1979","Estimated",340802881203,875522841635
"1980","Estimated",340802881203,875522841635
"1981","Estimated",340802881203,875522841635
"1982","Estimated",340802881203,875522841635
"1983","Estimated",340802881203,875522841635
"1984","Estimated",340802881203,875522841635
"1985","Estimated",340802881203,875522841635
"1986","Estimated",340802881203,875522841635
"1987","Estimated",340802881203,875522841635
"1988","Estimated",340802881203,875522841635
"1989","Estimated",340802881203,875522841635
"1990","Estimated",340802881203,875522841635
"1991","Estimated",340802881203,875522841635
"1992","Estimated",340802881203,875522841635
"1993","Estimated",340802881203,875522841635
"1994","Estimated",340802881203,875522841635
"1995","Estimated",340802881203,875522841635
"1996","Estimated",340802881203,875522841635
"1997","Estimated",340802881203,875522841635
"1998","Estimated",340802881203,875522841635
"1999","Estimated",340802881203,875522841635
"2000","Estimated",340802881203,875522841635
"2001","Estimated",340802881203,875522841635
"2002","Estimated",340802881203,875522841635
"2003","Estimated",340802881203,875522841635
"2004","Estimated",340802881203,875522841635
"2005","Estimated",340802881203,875522841635
"2006","Estimated",340802881203,875522841635
"2007","Estimated",340802881203,875522841635
"2008","Estimated",340802881203,875522841635
"2009","Estimated",340802881203,875522841635
"2010","Estimated",340802881203,875522841635
"2011","Estimated",340802881203,875522841635
"2012","Estimated",340802881203,875522841635
"2013","Estimated",340802881203,875522841635
"2014","Estimated",340802881203,875522841635
"2015","Estimated",340802881203,875522841635
"2016","Estimated",340802881203,875522841635
"2017","Estimated",340802881203,875522841635
"2018","Estimated",340802881203,875522841635
"2019","Estimated",340802881203,875522841635
"2020","Estimated",340802881203,875522841635
"2021","Estimated",340802881203,875522841635
"2022","Estimated",340802881203,875522841635
"2023","Estimated",340802881203,875522841635
"2024","Estimated",340802881203,875522841635
"2025","Estimated",340802881203,875522841635
"2026","Estimated",340802881203,875522841635
"2027","Estimated",340802881203,875522841635
"2028","Estimated",340802881203,875522841635
"2029","Estimated",340802881203,875522841635
"2030","Estimated",340802881203,875522841635
"2031","Estimated",340802881203,875522841635
"2032","Estimated",340802881203,875522841635
"2033","Estimated",340802881203,875522841635
"2034","Estimated",340802881203,875522841635
"2035","Estimated",340802881203,875522841635
"2036","Estimated",340802881203,875522841635
"2037","Estimated",340802881203,875522841635
"2038","Estimated",340802881203,875522841635
"2039","Estimated",340802881203,875522841635
"2040","Estimated",340802881203,875522841635
"2041","Estimated",340802881203,875522841635
"2042","Estimated",340802881203,875522841635
"2043","Estimated",340802881203,875522841635
"2044","Estimated",340802881203,875522841635
"2045","Estimated",340802881203,875522841635
"2046","Estimated",340802881203,875522841635
"2047","Estimated",340802881203,875522841635
"2048","Estimated",340802881203,875522841635
"2049","Estimated",340802881203,875522841635
"2050","Estimated",340802881203,875522841635
"2051","Estimated",340802881203,875522841635
"2052","Estimated",340802881203,875522841635
"2053","Estimated",340802881203,875522841635
"2054","Estimated",340802881203,875522841635
"2055","Estimated",340802881203,875522841635
"2056","Estimated",340802881203,875522841635
"2057","Estimated",340802881203,875522841635
"2058","Estimated",340802881203,875522841635
"2059","Estimated",340802881203,875522841635
"2060","Estimated",340802881203,875522841635
"2061","Estimated",340802881203,875522841635
"2062","Estimated",340802881203,875522841635
"2063","Estimated",340802881203,875522841635
"2064","Estimated",340802881203,875522841635
"2065","Estimated",340802881203,875522841635
"2066","Estimated",340802881203,875522841635
"2067","Estimated",340802881203,857619404508
"2068","Estimated",340802881203,857619404508
"2069","Estimated",340802881203,857619404508
"2070","Estimated",340802881203,857619404508
"2071","Estimated",340802881203,857619404508
"2072","Estimated",340802881203,857619404508
"2073","Estimated",340802881203,857619404508
"2074","Estimated",340802881203,857619404508
"2075","Estimated",340802881203,857619404508
"2076","Estimated",340802881203,857619404508
"2077","Estimated",340802881203,857619404508
"2078","Estimated",340802881203,857619404508
"2079","Estimated",340802881203,857619404508
"2080","Estimated",340802881203,857619404508
"2081","Estimated",340802881203,857619404508
"2082","Estimated",340802881203,857619404508
"2083","Estimated",340802881203,857619404508
"2084","Estimated",340802881203,857619404508
"2085","Estimated",340802881203,857619404508
"2086","Estimated",340802881203,857619404508
"2087","Estimated",340802881203,857619404508
"2088","Estimated",340802881203,857619404508
"2089","Estimated",340802881203,857619404508
"2090","Estimated",340802881203,857619404508
"2091","Estimated",340802881203,857619404508
"2092","Estimated",340802881203,857619404508
"2093","Estimated",340802881203,857619404508
"2094","Estimated",340802881203,857619404508
"2095","Estimated",340802881203,857619404508
"2096","Estimated",340802881203,857619404508
"2097","Estimated",340802881203,857619404508
"2098","Estimated",340802881203,857619404508
"2099","Estimated",340802881203,857619404508
"2100","Estimated",340802881203,857619404508
"2101","Estimated",340802881203,857619404508
"2102","Estimated",340802881203,857619404508
"2103","Estimated",340802881203,857619404508
"2104","Estimated",340802881203,857619404508
"2105","Estimated",340802881203,857619404508
"2106","Estimated",340802881203,857619404508
"2107","Estimated",340802881203,857619404508
"2108","Estimated",340802881203,857619404508
"2109","Estimated",340802881203,857619404508
"2110","Estimated",340802881203,857619404508
"2111","Estimated",340802881203,857619404508
"2112","Estimated",340802881203,857619404508
"2113","Estimated",340802881203,857619404508
"2114","Estimated",340802881203,857619404508
"2115","Estimated",340802881203,857619404508
"2116","Estimated",340802881203,857619404508
"2117","Estimated",340802881203,857619404508
"2118","Estimated",340802881203,857619404508
"2119","Estimated",340802881203,857619404508
"2120","Estimated",340802881203,857619404508
"2121","Estimated",340802881203,857619404508
"2122","Estimated",340802881203,857619404508
"2123","Estimated",340802881203,857619404508
"2124","Estimated",340802881203,857619404508
"2125","Estimated",340802881203,1180416563
"2126","Estimated",340802881203,1180416563
"2127","Estimated",340802881203,1180416563
"2128","Estimated",340802881203,1180416563
"2129","Estimated",340802881203,1180416563
"2130","Estimated",340802881203,1180416563
"2131","Estimated",340802881203,1180416563
"2132","Estimated",340802881203,1180416563
"2133","Estimated",340802881203,1180416563
"2134","Estimated",340802881203,1180416563
"2135","Estimated",340802881203,1180416563
"2136","Estimated",340802881203,1180416563
"2137","Estimated",340802881203,1180416563
"2138","Estimated",340802881203,1180416563
"2139","Estimated",340802881203,1180416563
"2140","Estimated",340802881203,1180416563
"2141","Estimated",340802881203,1180416563
"2142","Estimated",340802881203,1180416563
"2143","Estimated",340802881203,1180416563
"2144","Estimated",340802881203,1180416563
"2145","Estimated",340802881203,1180416563
"2146","Estimated",340802881203,1180416563
"2147","Estimated",340802881203,1180416563
"2148","Estimated",340802881203,1180416563
"2149","Estimated",340802881203,1180416563
"2150","Estimated",340802881203,1180416563
"2151","Estimated",340802881203,1180416563
"2152","Estimated",340802881203,1180416563
"2153","Estimated",340802881203,1180416563
"2154","Estimated",340802881203,1180416563
"2155","Estimated",340802881203,1180416563
"2156","Estimated",340802881203,1180416563
"2157","Estimated",340802881203,1180416563
"2158","Estimated",340802881203,1180416563
"2159","Estimated",340802881203,1180416563
"2160","Estimated",340802881203,1180416563
"2161","Estimated",340802881203,1180416563
"2162","Estimated",340802881203,1180416563
"2163","Estimated",340802881203,1180416563
"2164","Estimated",340802881203,1180416563
"2165","Estimated",340802881203,1180416563
"2166","Estimated",340802881203,1180416563
"2167","Estimated",340802881203,1180416563
"2168","Estimated",340802881203,1180416563
"2169","Estimated",340802881203,1180416563
"2170","Estimated",340802881203,1180416563
"2171","Estimated",340802881203,1180416563
"2172","Estimated",340802881203,1180416563
"2173","Estimated",340802881203,1180416563
"2174","Estimated",340802881203,1180416563
"2175","Estimated",340802881203,1180416563
"2176","Estimated",340802881203,1180416563
"2177","Estimated",340802881203,1180416563
"2178","Estimated",340802881203,1180416563
"2179","Estimated",340802881203,1180416563
"2180","Estimated",340802881203,1180416563
"2181","Estimated",340802881203,1180416563
"2182","Estimated",340802881203,1180416563
"2183","Estimated",340802881203,1180416563
"2184","Estimated",340802881203,1180416563
"2185","Estimated",340802881203,1180416563
"2186","Estimated",340802881203,1180416563
"2187","Estimated",340802881203,1180416563
"2188","Estimated",340802881203,340802881203
"2189","Estimated",340802881203,340802881203
"2190","Estimated",340802881203,340802881203
"2191","Estimated",340802881203,340802881203
"2192","Estimated",340802881203,340802881203
"2193","Estimated",340802881203,340802881203
"2194","Estimated",340802881203,340802881203
"2195","Estimated",340802881203,340802881203
"2196","Estimated",340802881203,340802881203
"2197","Estimated",340802881203,340802881203
"2198","Estimated",340802881203,49726679370
"2199","Estimated",340802881203,49726679370
"2200","Estimated",340802881203,49726679370
"2201","Estimated",340802881203,49726679370
"2202","Estimated",340802881203,49726679370
"2203","Estimated",340802881203,49726679370
"2204","Estimated",340802881203,49726679370
"2205","Estimated",340802881203,49726679370
"2206","Estimated",340802881203,49726679370
"2207","Estimated",340802881203,49726679370
"2208","Estimated",340802881203,49726679370
"2209","Estimated",340802881203,49726679370
"2210","Estimated",340802881203,49726679370
"2211","Estimated",340802881203,49726679370
"2212","Estimated",340802881203,49726679370
"2213","Estimated",340802881203,49726679370
"2214","Estimated",340802881203,49726679370
"2215","Estimated",340802881203,49726679370
"2216","Estimated",340802881203,49726679370
"2217","Estimated",340802881203,49726679370
"2218","Estimated",340802881203,49726679370
"2219","Estimated",340802881203,49726679370
"2220","Estimated",340802881203,49726679370
"2221","Estimated",340802881203,49726679370
"2222","Estimated",340802881203,49726679370
"2223","Estimated",340802881203,49726679370
"2224","Estimated",340802881203,49726679370
"2225","Estimated",340802881203,49726679370
"2226","Estimated",340802881203,49726679370
"2227","Estimated",340802881203,49726679370
"2228","Estimated",340802881203,49726679370
"2229","Estimated",340802881203,49726679370
"2230","Estimated",340802881203,49726679370
"2231","Estimated",340802881203,49726679370
"2232","Estimated",340802881203,49726679370
"2233","Estimated",340802881203,49726679370
"2234","Estimated",340802881203,49726679370
"2235","Estimated",340802881203,49726679370
"2236","Estimated",340802881203,49726679370
"2237","Estimated",340802881203,49726679370
"2238","Estimated",340802881203,49726679370
"2239","Estimated",340802881203,49726679370
"2240","Estimated",340802881203,49726679370
"2241","Estimated",340802881203,49726679370
"2242","Estimated",340802881203,49726679370
"2243","Estimated",340802881203,49726679370
"2244","Estimated",340802881203,49726679370
"2245","Estimated",340802881203,49726679370
"2246","Estimated",340802881203,49726679370
"2247","Estimated",340802881203,49726679370
"2248","Estimated",340802881203,49726679370
"2249","Estimated",340802881203,49726679370
"2250","Estimated",340802881203,49726679370
"2251","Estimated",340802881203,49726679370
"2252","Estimated",340802881203,49726679370
"2253","Estimated",340802881203,49726679370
"2254","Estimated",340802881203,49726679370
"2255","Estimated",340802881203,49726679370
"2256","Estimated",340802881203,49726679370
"2257","Estimated",340802881203,49726679370
"2258","Estimated",340802881203,49726679370
"2259","Estimated",340802881203,49726679370
"2260","Estimated",340802881203,49726679370
"2261","Estimated",340802881203,49726679370
"2262","Estimated",340802881203,49726679370
"2263","Estimated",340802881203,49726679370
"2264","Estimated",340802881203,49726679370
"2265","Estimated",340802881203,49726679370
"2266","Estimated",340802881203,49726679370
"2267","Estimated",340802881203,49726679370
"2268","Estimated",340802881203,49726679370
"2269","Estimated",340802881203,49726679370
"2270","Estimated",340802881203,49726679370
"2271","Estimated",340802881203,49726679370
"2272","Estimated",340802881203,49726679370
"2273","Estimated",340802881203,49726679370
"2274","Estimated",340802881203,49726679370
"2275","Estimated",340802881203,49726679370
"2276","Estimated",340802881203,49726679370
"2277","Estimated",340802881203,49726679370
"2278","Estimated",340802881203,49726679370
"2279","Estimated",340802881203,49726679370
"2280","Estimated",340802881203,49726679370
"2281","Estimated",340802881203,49726679370
"2282","Estimated",340802881203,49726679370
"2283","Estimated",340802881203,49726679370
"2284","Estimated",340802881203,49726679370
"2285","Estimated",340802881203,49726679370
"2286","Estimated",340802881203,49726679370
"2287","Estimated",340802881203,548625929042
"2288","Estimated",340802881203,548625929042
"2289","Estimated",340802881203,548625929042
"2290","Estimated",340802881203,548625929042
"2291","Estimated",340802881203,548625929042
"2292","Estimated",340802881203,548625929042
"2293","Estimated",340802881203,548625929042
"2294","Estimated",340802881203,548625929042
"2295","Estimated",340802881203,548625929042
"2296","Estimated",340802881203,548625929042
"2297","Estimated",340802881203,548625929042
"2298","Estimated",340802881203,548625929042
"2299","Estimated",340802881203,548625929042
"2300","Estimated",340802881203,548625929042
"2301","Estimated",340802881203,548625929042
"2302","Estimated",340802881203,548625929042
"2303","Estimated",340802881203,548625929042
"2304","Estimated",340802881203,548625929042
"2305","Estimated",340802881203,548625929042
"2306","Estimated",340802881203,548625929042
"2307","Estimated",340802881203,548625929042
"2308","Estimated",340802881203,548625929042
"2309","Estimated",340802881203,548625929042
"2310","Estimated",340802881203,548625929042
"2311","Estimated",340802881203,548625929042
"2312","Estimated",340802881203,548625929042
"2313","Estimated",340802881203,548625929042
"2314","Estimated",340802881203,548625929042
"2315","Estimated",340802881203,548625929042
"2316","Estimated",340802881203,548625929042
"2317","Estimated",340802881203,548625929042
"2318","Estimated",340802881203,548625929042
"2319","Estimated",340802881203,548625929042
"2320","Estimated",340802881203,548625929042
"2321","Estimated",340802881203,548625929042
"2322","Estimated",340802881203,548625929042
"2323","Estimated",340802881203,548625929042
"2324","Estimated",340802881203,548625929042
"2325","Estimated",340802881203,548625929042
"2326","Estimated",340802881203,548625929042
"2327","Estimated",340802881203,548625929042
"2328","Estimated",340802881203,548625929042
"2329","Estimated",340802881203,548625929042
"2330","Estimated",340802881203,548625929042
"2331","Estimated",340802881203,548625929042
"2332","Estimated",340802881203,548625929042
"2333","Estimated",340802881203,548625929042
"2334","Estimated",340802881203,548625929042
"2335","Estimated",340802881203,548625929042
"2336","Estimated",340802881203,NA
"2337","Estimated",340802881203,NA
"2338","",340802881203,875522841635
"2339","",340802881203,857619404508
"2340","",340802881203,1180416563
"2341","",340802881203,340802881203
"2342","",340802881203,49726679370
"2343","",340802881203,548625929042
"2344","",340802881203,NA
"2345","",NA,NA
